{
    "accuracy": 0.6121287128712871,
    "classification_report": {
        "0": {
            "precision": 0.5219298245614035,
            "recall": 0.5639810426540285,
            "f1-score": 0.5421412300683371,
            "support": 211.0
        },
        "1": {
            "precision": 0.4391691394658754,
            "recall": 0.714975845410628,
            "f1-score": 0.5441176470588235,
            "support": 207.0
        },
        "2": {
            "precision": 0.7528089887640449,
            "recall": 0.6146788990825688,
            "f1-score": 0.6767676767676768,
            "support": 218.0
        },
        "3": {
            "precision": 0.6556603773584906,
            "recall": 0.6587677725118484,
            "f1-score": 0.6572104018912529,
            "support": 211.0
        },
        "4": {
            "precision": 0.6774193548387096,
            "recall": 0.5779816513761468,
            "f1-score": 0.6237623762376238,
            "support": 218.0
        },
        "5": {
            "precision": 0.7142857142857143,
            "recall": 0.6367924528301887,
            "f1-score": 0.6733167082294265,
            "support": 212.0
        },
        "6": {
            "precision": 0.6233766233766234,
            "recall": 0.7024390243902439,
            "f1-score": 0.6605504587155964,
            "support": 205.0
        },
        "7": {
            "precision": 0.6037735849056604,
            "recall": 0.649746192893401,
            "f1-score": 0.6259168704156479,
            "support": 197.0
        },
        "8": {
            "precision": 0.7861635220125787,
            "recall": 0.6009615384615384,
            "f1-score": 0.6811989100817438,
            "support": 208.0
        },
        "9": {
            "precision": 0.4393939393939394,
            "recall": 0.5603864734299517,
            "f1-score": 0.49256900212314225,
            "support": 207.0
        },
        "10": {
            "precision": 0.6585365853658537,
            "recall": 0.5921052631578947,
            "f1-score": 0.6235565819861432,
            "support": 228.0
        },
        "11": {
            "precision": 0.4738955823293173,
            "recall": 0.6020408163265306,
            "f1-score": 0.5303370786516854,
            "support": 196.0
        },
        "12": {
            "precision": 0.56,
            "recall": 0.6862745098039216,
            "f1-score": 0.6167400881057269,
            "support": 204.0
        },
        "13": {
            "precision": 0.8072289156626506,
            "recall": 0.6036036036036037,
            "f1-score": 0.6907216494845361,
            "support": 222.0
        },
        "14": {
            "precision": 0.4663677130044843,
            "recall": 0.5810055865921788,
            "f1-score": 0.5174129353233831,
            "support": 179.0
        },
        "15": {
            "precision": 0.756578947368421,
            "recall": 0.5637254901960784,
            "f1-score": 0.6460674157303371,
            "support": 204.0
        },
        "16": {
            "precision": 0.5369458128078818,
            "recall": 0.5505050505050505,
            "f1-score": 0.543640897755611,
            "support": 198.0
        },
        "17": {
            "precision": 0.8589743589743589,
            "recall": 0.5851528384279476,
            "f1-score": 0.6961038961038961,
            "support": 229.0
        },
        "18": {
            "precision": 0.6274509803921569,
            "recall": 0.6153846153846154,
            "f1-score": 0.6213592233009708,
            "support": 208.0
        },
        "19": {
            "precision": 0.5344827586206896,
            "recall": 0.6108374384236454,
            "f1-score": 0.5701149425287356,
            "support": 203.0
        },
        "20": {
            "precision": 0.5972850678733032,
            "recall": 0.5892857142857143,
            "f1-score": 0.5932584269662922,
            "support": 224.0
        },
        "21": {
            "precision": 0.5912698412698413,
            "recall": 0.6866359447004609,
            "f1-score": 0.6353944562899787,
            "support": 217.0
        },
        "22": {
            "precision": 0.6496815286624203,
            "recall": 0.5454545454545454,
            "f1-score": 0.5930232558139535,
            "support": 187.0
        },
        "23": {
            "precision": 0.6748466257668712,
            "recall": 0.5851063829787234,
            "f1-score": 0.6267806267806267,
            "support": 188.0
        },
        "24": {
            "precision": 0.6502732240437158,
            "recall": 0.6197916666666666,
            "f1-score": 0.6346666666666667,
            "support": 192.0
        },
        "25": {
            "precision": 0.5158730158730159,
            "recall": 0.6220095693779905,
            "f1-score": 0.5639913232104121,
            "support": 209.0
        },
        "26": {
            "precision": 0.6256684491978609,
            "recall": 0.5969387755102041,
            "f1-score": 0.6109660574412533,
            "support": 196.0
        },
        "27": {
            "precision": 0.7111111111111111,
            "recall": 0.5363128491620112,
            "f1-score": 0.6114649681528662,
            "support": 179.0
        },
        "28": {
            "precision": 0.7987804878048781,
            "recall": 0.6064814814814815,
            "f1-score": 0.6894736842105263,
            "support": 216.0
        },
        "29": {
            "precision": 0.7972027972027972,
            "recall": 0.6162162162162163,
            "f1-score": 0.6951219512195121,
            "support": 185.0
        },
        "30": {
            "precision": 0.6887417218543046,
            "recall": 0.5174129353233831,
            "f1-score": 0.5909090909090909,
            "support": 201.0
        },
        "31": {
            "precision": 0.6949152542372882,
            "recall": 0.6212121212121212,
            "f1-score": 0.656,
            "support": 198.0
        },
        "32": {
            "precision": 0.6372093023255814,
            "recall": 0.685,
            "f1-score": 0.6602409638554216,
            "support": 200.0
        },
        "33": {
            "precision": 0.7437185929648241,
            "recall": 0.7254901960784313,
            "f1-score": 0.7344913151364765,
            "support": 204.0
        },
        "34": {
            "precision": 0.5906976744186047,
            "recall": 0.596244131455399,
            "f1-score": 0.5934579439252337,
            "support": 213.0
        },
        "35": {
            "precision": 0.6216216216216216,
            "recall": 0.5502392344497608,
            "f1-score": 0.583756345177665,
            "support": 209.0
        },
        "36": {
            "precision": 0.5302325581395348,
            "recall": 0.5615763546798029,
            "f1-score": 0.5454545454545454,
            "support": 203.0
        },
        "37": {
            "precision": 0.5933014354066986,
            "recall": 0.5904761904761905,
            "f1-score": 0.5918854415274463,
            "support": 210.0
        },
        "38": {
            "precision": 0.36451612903225805,
            "recall": 0.5824742268041238,
            "f1-score": 0.44841269841269843,
            "support": 194.0
        },
        "39": {
            "precision": 0.5648148148148148,
            "recall": 0.5674418604651162,
            "f1-score": 0.5661252900232019,
            "support": 215.0
        },
        "40": {
            "precision": 0.6811594202898551,
            "recall": 0.5911949685534591,
            "f1-score": 0.632996632996633,
            "support": 159.0
        },
        "41": {
            "precision": 0.7169811320754716,
            "recall": 0.6705882352941176,
            "f1-score": 0.6930091185410334,
            "support": 170.0
        },
        "42": {
            "precision": 0.6931818181818182,
            "recall": 0.5980392156862745,