{
    "accuracy": 0.1051980198019802,
    "classification_report": {
        "0": {
            "precision": 0.0,
            "recall": 0.0,
            "f1-score": 0.0,
            "support": 214.0
        },
        "1": {
            "precision": 0.10638297872340426,
            "recall": 0.023809523809523808,
            "f1-score": 0.038910505836575876,
            "support": 210.0
        },
        "2": {
            "precision": 0.060077519379844964,
            "recall": 0.16666666666666666,
            "f1-score": 0.08831908831908832,
            "support": 186.0
        },
        "3": {
            "precision": 0.19953051643192488,
            "recall": 0.4228855721393035,
            "f1-score": 0.2711323763955343,
            "support": 201.0
        },
        "4": {
            "precision": 0.08,
            "recall": 0.01818181818181818,
            "f1-score": 0.02962962962962963,
            "support": 220.0
        },
        "5": {
            "precision": 0.1523809523809524,
            "recall": 0.06986899563318777,
            "f1-score": 0.09580838323353294,
            "support": 229.0
        },
        "6": {
            "precision": 0.16613418530351437,
            "recall": 0.48372093023255813,
            "f1-score": 0.2473246135552913,
            "support": 215.0
        },
        "7": {
            "precision": 0.2028985507246377,
            "recall": 0.19811320754716982,
            "f1-score": 0.20047732696897375,
            "support": 212.0
        },
        "8": {
            "precision": 0.03508771929824561,
            "recall": 0.008333333333333333,
            "f1-score": 0.013468013468013467,
            "support": 240.0
        },
        "9": {
            "precision": 0.0,
            "recall": 0.0,
            "f1-score": 0.0,
            "support": 211.0
        },
        "10": {
            "precision": 0.056818181818181816,
            "recall": 0.025906735751295335,
            "f1-score": 0.03558718861209965,
            "support": 193.0
        },
        "11": {
            "precision": 0.12955465587044535,
            "recall": 0.45714285714285713,
            "f1-score": 0.20189274447949526,
            "support": 210.0
        },
        "12": {
            "precision": 0.09941520467836257,
            "recall": 0.08018867924528301,
            "f1-score": 0.08877284595300261,
            "support": 212.0
        },
        "13": {
            "precision": 0.13131313131313133,
            "recall": 0.06403940886699508,
            "f1-score": 0.08609271523178808,
            "support": 203.0
        },
        "14": {
            "precision": 0.16363636363636364,
            "recall": 0.0410958904109589,
            "f1-score": 0.06569343065693431,
            "support": 219.0
        },
        "15": {
            "precision": 0.043859649122807015,
            "recall": 0.02403846153846154,
            "f1-score": 0.031055900621118012,
            "support": 208.0
        },
        "16": {
            "precision": 0.0473186119873817,
            "recall": 0.07246376811594203,
            "f1-score": 0.05725190839694656,
            "support": 207.0
        },
        "17": {
            "precision": 0.11320754716981132,
            "recall": 0.06153846153846154,
            "f1-score": 0.07973421926910298,
            "support": 195.0
        },
        "18": {
            "precision": 0.09523809523809523,
            "recall": 0.06451612903225806,
            "f1-score": 0.07692307692307693,
            "support": 186.0
        },
        "19": {
            "precision": 0.09259259259259259,
            "recall": 0.024154589371980676,
            "f1-score": 0.038314176245210725,
            "support": 207.0
        },
        "20": {
            "precision": 0.11304347826086956,
            "recall": 0.06018518518518518,
            "f1-score": 0.07854984894259819,
            "support": 216.0
        },
        "21": {
            "precision": 0.18,
            "recall": 0.13989637305699482,
            "f1-score": 0.15743440233236153,
            "support": 193.0
        },
        "22": {
            "precision": 0.1,
            "recall": 0.029850746268656716,
            "f1-score": 0.04597701149425287,
            "support": 201.0
        },
        "23": {
            "precision": 0.0898876404494382,
            "recall": 0.039603960396039604,
            "f1-score": 0.054982817869415807,
            "support": 202.0
        },
        "24": {
            "precision": 0.3270440251572327,
            "recall": 0.24413145539906103,
            "f1-score": 0.27956989247311825,
            "support": 213.0
        },
        "25": {
            "precision": 0.0975609756097561,
            "recall": 0.018779342723004695,
            "f1-score": 0.031496062992125984,
            "support": 213.0
        },
        "26": {
            "precision": 0.041666666666666664,
            "recall": 0.005,
            "f1-score": 0.008928571428571428,
            "support": 200.0
        },
        "27": {
            "precision": 0.12156862745098039,
            "recall": 0.15048543689320387,
            "f1-score": 0.13449023861171366,
            "support": 206.0
        },
        "28": {
            "precision": 0.1279317697228145,
            "recall": 0.3409090909090909,
            "f1-score": 0.18604651162790697,
            "support": 176.0
        },
        "29": {
            "precision": 0.08548707753479125,
            "recall": 0.22279792746113988,
            "f1-score": 0.1235632183908046,
            "support": 193.0
        },
        "30": {
            "precision": 0.05664488017429194,
            "recall": 0.13131313131313133,
            "f1-score": 0.0791476407914764,
            "support": 198.0
        },
        "31": {
            "precision": 0.03614457831325301,
            "recall": 0.017964071856287425,
            "f1-score": 0.024,
            "support": 167.0
        },
        "32": {
            "precision": 0.16216216216216217,
            "recall": 0.34615384615384615,
            "f1-score": 0.22085889570552147,
            "support": 208.0
        },
        "33": {
            "precision": 0.3877551020408163,
            "recall": 0.39378238341968913,
            "f1-score": 0.390745501285347,
            "support": 193.0
        },
        "34": {
            "precision": 0.05309734513274336,
            "recall": 0.05853658536585366,
            "f1-score": 0.05568445475638051,
            "support": 205.0
        },
        "35": {
            "precision": 0.08665105386416862,
            "recall": 0.18316831683168316,
            "f1-score": 0.11764705882352941,
            "support": 202.0
        },
        "36": {
            "precision": 0.04225352112676056,
            "recall": 0.014925373134328358,
            "f1-score": 0.022058823529411766,
            "support": 201.0
        },
        "37": {
            "precision": 0.12121212121212122,
            "recall": 0.0213903743315508,
            "f1-score": 0.03636363636363636,
            "support": 187.0
        },
        "38": {
            "precision": 0.08695652173913043,
            "recall": 0.00966183574879227,
            "f1-score": 0.017391304347826087,
            "support": 207.0
        },
        "39": {
            "precision": 0.10869565217391304,
            "recall": 0.024154589371980676,
            "f1-score": 0.039525691699604744,
            "support": 207.0
        },
        "40": {
            "precision": 0.04685408299866131,
            "recall": 0.16587677725118483,
            "f1-score": 0.07306889352818371,
            "support": 211.0
        },
        "41": {
            "precision": 0.25,
            "recall": 0.046875,
            "f1-score": 0.07894736842105263,
            "support": 192.0
        },
        "42": {
            "precision": 0.0603448275862069,
            "recall": 0.03414634146341464,
            "f1-score": 0.04361370716510903,