{
    "accuracy": 0.6181683168316832,
    "classification_report": {
        "0": {
            "precision": 0.536036036036036,
            "recall": 0.5560747663551402,
            "f1-score": 0.5458715596330275,
            "support": 214.0
        },
        "1": {
            "precision": 0.41033434650455924,
            "recall": 0.6490384615384616,
            "f1-score": 0.5027932960893855,
            "support": 208.0
        },
        "2": {
            "precision": 0.7738095238095238,
            "recall": 0.6435643564356436,
            "f1-score": 0.7027027027027027,
            "support": 202.0
        },
        "3": {
            "precision": 0.632183908045977,
            "recall": 0.625,
            "f1-score": 0.6285714285714286,
            "support": 176.0
        },
        "4": {
            "precision": 0.631578947368421,
            "recall": 0.594059405940594,
            "f1-score": 0.6122448979591837,
            "support": 202.0
        },
        "5": {
            "precision": 0.6939890710382514,
            "recall": 0.6479591836734694,
            "f1-score": 0.6701846965699209,
            "support": 196.0
        },
        "6": {
            "precision": 0.5444015444015444,
            "recall": 0.7085427135678392,
            "f1-score": 0.6157205240174672,
            "support": 199.0
        },
        "7": {
            "precision": 0.6243093922651933,
            "recall": 0.5736040609137056,
            "f1-score": 0.5978835978835979,
            "support": 197.0
        },
        "8": {
            "precision": 0.7947019867549668,
            "recall": 0.5882352941176471,
            "f1-score": 0.676056338028169,
            "support": 204.0
        },
        "9": {
            "precision": 0.38235294117647056,
            "recall": 0.5226130653266332,
            "f1-score": 0.4416135881104034,
            "support": 199.0
        },
        "10": {
            "precision": 0.6079545454545454,
            "recall": 0.5691489361702128,
            "f1-score": 0.5879120879120879,
            "support": 188.0
        },
        "11": {
            "precision": 0.46616541353383456,
            "recall": 0.656084656084656,
            "f1-score": 0.545054945054945,
            "support": 189.0
        },
        "12": {
            "precision": 0.5019305019305019,
            "recall": 0.6280193236714976,
            "f1-score": 0.5579399141630901,
            "support": 207.0
        },
        "13": {
            "precision": 0.7972972972972973,
            "recall": 0.5959595959595959,
            "f1-score": 0.6820809248554913,
            "support": 198.0
        },
        "14": {
            "precision": 0.4701195219123506,
            "recall": 0.6483516483516484,
            "f1-score": 0.5450346420323325,
            "support": 182.0
        },
        "15": {
            "precision": 0.7065868263473054,
            "recall": 0.5673076923076923,
            "f1-score": 0.6293333333333333,
            "support": 208.0
        },
        "16": {
            "precision": 0.5093457943925234,
            "recall": 0.5369458128078818,
            "f1-score": 0.5227817745803357,
            "support": 203.0
        },
        "17": {
            "precision": 0.8029197080291971,
            "recall": 0.5670103092783505,
            "f1-score": 0.6646525679758308,
            "support": 194.0
        },
        "18": {
            "precision": 0.6269430051813472,
            "recall": 0.5761904761904761,
            "f1-score": 0.6004962779156328,
            "support": 210.0
        },
        "19": {
            "precision": 0.5384615384615384,
            "recall": 0.6451612903225806,
            "f1-score": 0.5870020964360587,
            "support": 217.0
        },
        "20": {
            "precision": 0.5555555555555556,
            "recall": 0.5797101449275363,
            "f1-score": 0.5673758865248227,
            "support": 207.0
        },
        "21": {
            "precision": 0.5776699029126213,
            "recall": 0.601010101010101,
            "f1-score": 0.5891089108910891,
            "support": 198.0
        },
        "22": {
            "precision": 0.6685082872928176,
            "recall": 0.6142131979695431,
            "f1-score": 0.6402116402116402,
            "support": 197.0
        },
        "23": {
            "precision": 0.711764705882353,
            "recall": 0.5761904761904761,
            "f1-score": 0.6368421052631579,
            "support": 210.0
        },
        "24": {
            "precision": 0.64,
            "recall": 0.649746192893401,
            "f1-score": 0.6448362720403022,
            "support": 197.0
        },
        "25": {
            "precision": 0.4830508474576271,
            "recall": 0.5454545454545454,
            "f1-score": 0.5123595505617977,
            "support": 209.0
        },
        "26": {
            "precision": 0.6108108108108108,
            "recall": 0.6042780748663101,
            "f1-score": 0.6075268817204301,
            "support": 187.0
        },
        "27": {
            "precision": 0.7278481012658228,
            "recall": 0.558252427184466,
            "f1-score": 0.6318681318681318,
            "support": 206.0
        },
        "28": {
            "precision": 0.81875,
            "recall": 0.6267942583732058,
            "f1-score": 0.7100271002710027,
            "support": 209.0
        },
        "29": {
            "precision": 0.7516778523489933,
            "recall": 0.5833333333333334,
            "f1-score": 0.656891495601173,
            "support": 192.0
        },
        "30": {
            "precision": 0.7162162162162162,
            "recall": 0.5353535353535354,
            "f1-score": 0.6127167630057804,
            "support": 198.0
        },
        "31": {
            "precision": 0.7058823529411765,
            "recall": 0.6575342465753424,
            "f1-score": 0.6808510638297872,
            "support": 219.0
        },
        "32": {
            "precision": 0.7098214285714286,
            "recall": 0.691304347826087,
            "f1-score": 0.7004405286343612,
            "support": 230.0
        },
        "33": {
            "precision": 0.8176470588235294,
            "recall": 0.6915422885572139,
            "f1-score": 0.7493261455525606,
            "support": 201.0
        },
        "34": {
            "precision": 0.628140703517588,
            "recall": 0.6127450980392157,
            "f1-score": 0.6203473945409429,
            "support": 204.0
        },
        "35": {
            "precision": 0.6108108108108108,
            "recall": 0.5978835978835979,
            "f1-score": 0.6042780748663101,
            "support": 189.0
        },
        "36": {
            "precision": 0.5871559633027523,
            "recall": 0.5953488372093023,
            "f1-score": 0.5912240184757506,
            "support": 215.0
        },
        "37": {
            "precision": 0.6402116402116402,
            "recall": 0.6111111111111112,
            "f1-score": 0.6253229974160207,
            "support": 198.0
        },
        "38": {
            "precision": 0.44904458598726116,
            "recall": 0.6844660194174758,
            "f1-score": 0.5423076923076923,
            "support": 206.0
        },
        "39": {
            "precision": 0.6238938053097345,
            "recall": 0.6322869955156951,
            "f1-score": 0.6280623608017817,
            "support": 223.0
        },
        "40": {
            "precision": 0.7123287671232876,
            "recall": 0.5531914893617021,
            "f1-score": 0.6227544910179641,
            "support": 188.0
        },
        "41": {
            "precision": 0.78125,
            "recall": 0.6218905472636815,
            "f1-score": 0.6925207756232687,
            "support": 201.0
        },
        "42": {
            "precision": 0.6787564766839378,
            "recall": 0.6717948717948717,
            "f1-score": 0.6752577319587629,