{
    "accuracy": 0.6228217821782178,
    "classification_report": {
        "0": {
            "precision": 0.642512077294686,
            "recall": 0.6303317535545023,
            "f1-score": 0.6363636363636364,
            "support": 211.0
        },
        "1": {
            "precision": 0.5271317829457365,
            "recall": 0.6538461538461539,
            "f1-score": 0.5836909871244635,
            "support": 208.0
        },
        "2": {
            "precision": 0.6613756613756614,
            "recall": 0.6218905472636815,
            "f1-score": 0.6410256410256411,
            "support": 201.0
        },
        "3": {
            "precision": 0.6355140186915887,
            "recall": 0.7195767195767195,
            "f1-score": 0.674937965260546,
            "support": 189.0
        },
        "4": {
            "precision": 0.6358974358974359,
            "recall": 0.6391752577319587,
            "f1-score": 0.6375321336760925,
            "support": 194.0
        },
        "5": {
            "precision": 0.5785123966942148,
            "recall": 0.6572769953051644,
            "f1-score": 0.6153846153846154,
            "support": 213.0
        },
        "6": {
            "precision": 0.6758241758241759,
            "recall": 0.640625,
            "f1-score": 0.6577540106951871,
            "support": 192.0
        },
        "7": {
            "precision": 0.5887096774193549,
            "recall": 0.7192118226600985,
            "f1-score": 0.647450110864745,
            "support": 203.0
        },
        "8": {
            "precision": 0.6530612244897959,
            "recall": 0.5981308411214953,
            "f1-score": 0.624390243902439,
            "support": 214.0
        },
        "9": {
            "precision": 0.497907949790795,
            "recall": 0.6071428571428571,
            "f1-score": 0.5471264367816092,
            "support": 196.0
        },
        "10": {
            "precision": 0.6914285714285714,
            "recall": 0.6205128205128205,
            "f1-score": 0.654054054054054,
            "support": 195.0
        },
        "11": {
            "precision": 0.5510204081632653,
            "recall": 0.703125,
            "f1-score": 0.6178489702517163,
            "support": 192.0
        },
        "12": {
            "precision": 0.7241379310344828,
            "recall": 0.6146341463414634,
            "f1-score": 0.6649076517150396,
            "support": 205.0
        },
        "13": {
            "precision": 0.5429864253393665,
            "recall": 0.6521739130434783,
            "f1-score": 0.5925925925925926,
            "support": 184.0
        },
        "14": {
            "precision": 0.6146341463414634,
            "recall": 0.5806451612903226,
            "f1-score": 0.5971563981042654,
            "support": 217.0
        },
        "15": {
            "precision": 0.4940239043824701,
            "recall": 0.6595744680851063,
            "f1-score": 0.5649202733485194,
            "support": 188.0
        },
        "16": {
            "precision": 0.5853658536585366,
            "recall": 0.676056338028169,
            "f1-score": 0.6274509803921569,
            "support": 213.0
        },
        "17": {
            "precision": 0.6685714285714286,
            "recall": 0.5969387755102041,
            "f1-score": 0.6307277628032345,
            "support": 196.0
        },
        "18": {
            "precision": 0.6609195402298851,
            "recall": 0.6084656084656085,
            "f1-score": 0.6336088154269972,
            "support": 189.0
        },
        "19": {
            "precision": 0.6120689655172413,
            "recall": 0.6283185840707964,
            "f1-score": 0.6200873362445415,
            "support": 226.0
        },
        "20": {
            "precision": 0.6268656716417911,
            "recall": 0.6774193548387096,
            "f1-score": 0.6511627906976745,
            "support": 186.0
        },
        "21": {
            "precision": 0.6205128205128205,
            "recall": 0.6368421052631579,
            "f1-score": 0.6285714285714286,
            "support": 190.0
        },
        "22": {
            "precision": 0.8079470198675497,
            "recall": 0.6192893401015228,
            "f1-score": 0.7011494252873564,
            "support": 197.0
        },
        "23": {
            "precision": 0.5617021276595745,
            "recall": 0.584070796460177,
            "f1-score": 0.5726681127982647,
            "support": 226.0
        },
        "24": {
            "precision": 0.7253886010362695,
            "recall": 0.6451612903225806,
            "f1-score": 0.6829268292682927,
            "support": 217.0
        },
        "25": {
            "precision": 0.42955326460481097,
            "recall": 0.589622641509434,
            "f1-score": 0.4970178926441352,
            "support": 212.0
        },
        "26": {
            "precision": 0.8378378378378378,
            "recall": 0.6458333333333334,
            "f1-score": 0.7294117647058823,
            "support": 192.0
        },
        "27": {
            "precision": 0.8790322580645161,
            "recall": 0.5706806282722513,
            "f1-score": 0.692063492063492,
            "support": 191.0
        },
        "28": {
            "precision": 0.7471264367816092,
            "recall": 0.6403940886699507,
            "f1-score": 0.6896551724137931,
            "support": 203.0
        },
        "29": {
            "precision": 0.6142857142857143,
            "recall": 0.57847533632287,
            "f1-score": 0.5958429561200924,
            "support": 223.0
        },
        "30": {
            "precision": 0.7361963190184049,
            "recall": 0.6,
            "f1-score": 0.6611570247933884,
            "support": 200.0
        },
        "31": {
            "precision": 0.5625,
            "recall": 0.5469613259668509,
            "f1-score": 0.5546218487394958,
            "support": 181.0
        },
        "32": {
            "precision": 0.7562189054726368,
            "recall": 0.6816143497757847,
            "f1-score": 0.7169811320754716,
            "support": 223.0
        },
        "33": {
            "precision": 0.791907514450867,
            "recall": 0.7365591397849462,
            "f1-score": 0.7632311977715878,
            "support": 186.0
        },
        "34": {
            "precision": 0.8113207547169812,
            "recall": 0.6292682926829268,
            "f1-score": 0.7087912087912088,
            "support": 205.0
        },
        "35": {
            "precision": 0.6861313868613139,
            "recall": 0.5136612021857924,
            "f1-score": 0.5875,
            "support": 183.0
        },
        "36": {
            "precision": 0.5110132158590308,
            "recall": 0.6073298429319371,
            "f1-score": 0.5550239234449761,
            "support": 191.0
        },
        "37": {
            "precision": 0.6858638743455497,
            "recall": 0.6298076923076923,
            "f1-score": 0.656641604010025,
            "support": 208.0
        },
        "38": {
            "precision": 0.42356687898089174,
            "recall": 0.6820512820512821,
            "f1-score": 0.5225933202357563,
            "support": 195.0
        },
        "39": {
            "precision": 0.8217054263565892,
            "recall": 0.5638297872340425,
            "f1-score": 0.668769716088328,
            "support": 188.0
        },
        "40": {
            "precision": 0.611764705882353,
            "recall": 0.5652173913043478,
            "f1-score": 0.5875706214689266,
            "support": 184.0
        },
        "41": {
            "precision": 0.73224043715847,
            "recall": 0.6411483253588517,
            "f1-score": 0.6836734693877551,
            "support": 209.0
        },
        "42": {
            "precision": 0.6496815286624203,
            "recall": 0.576271186440678,
            "f1-score": 0.6107784431137725,