{
    "accuracy": 0.0804950495049505,
    "classification_report": {
        "0": {
            "precision": 0.0,
            "recall": 0.0,
            "f1-score": 0.0,
            "support": 191.0
        },
        "1": {
            "precision": 0.05386740331491713,
            "recall": 0.20207253886010362,
            "f1-score": 0.08505997818974918,
            "support": 193.0
        },
        "2": {
            "precision": 0.09049773755656108,
            "recall": 0.10256410256410256,
            "f1-score": 0.09615384615384616,
            "support": 195.0
        },
        "3": {
            "precision": 0.07903780068728522,
            "recall": 0.115,
            "f1-score": 0.09368635437881874,
            "support": 200.0
        },
        "4": {
            "precision": 0.05084745762711865,
            "recall": 0.015463917525773196,
            "f1-score": 0.023715415019762844,
            "support": 194.0
        },
        "5": {
            "precision": 0.10909090909090909,
            "recall": 0.08372093023255814,
            "f1-score": 0.09473684210526316,
            "support": 215.0
        },
        "6": {
            "precision": 0.11926605504587157,
            "recall": 0.07103825136612021,
            "f1-score": 0.08904109589041095,
            "support": 183.0
        },
        "7": {
            "precision": 0.08505997818974918,
            "recall": 0.3611111111111111,
            "f1-score": 0.13768755516328332,
            "support": 216.0
        },
        "8": {
            "precision": 0.037267080745341616,
            "recall": 0.033707865168539325,
            "f1-score": 0.035398230088495575,
            "support": 178.0
        },
        "9": {
            "precision": 0.0,
            "recall": 0.0,
            "f1-score": 0.0,
            "support": 185.0
        },
        "10": {
            "precision": 0.0,
            "recall": 0.0,
            "f1-score": 0.0,
            "support": 212.0
        },
        "11": {
            "precision": 0.2558139534883721,
            "recall": 0.05555555555555555,
            "f1-score": 0.0912863070539419,
            "support": 198.0
        },
        "12": {
            "precision": 0.043795620437956206,
            "recall": 0.02727272727272727,
            "f1-score": 0.03361344537815126,
            "support": 220.0
        },
        "13": {
            "precision": 0.044444444444444446,
            "recall": 0.05319148936170213,
            "f1-score": 0.048426150121065374,
            "support": 188.0
        },
        "14": {
            "precision": 0.0,
            "recall": 0.0,
            "f1-score": 0.0,
            "support": 169.0
        },
        "15": {
            "precision": 0.09090909090909091,
            "recall": 0.005025125628140704,
            "f1-score": 0.009523809523809525,
            "support": 199.0
        },
        "16": {
            "precision": 0.04529616724738676,
            "recall": 0.06770833333333333,
            "f1-score": 0.054279749478079335,
            "support": 192.0
        },
        "17": {
            "precision": 0.032388663967611336,
            "recall": 0.042328042328042326,
            "f1-score": 0.03669724770642202,
            "support": 189.0
        },
        "18": {
            "precision": 0.0784313725490196,
            "recall": 0.019704433497536946,
            "f1-score": 0.031496062992125984,
            "support": 203.0
        },
        "19": {
            "precision": 0.06578947368421052,
            "recall": 0.024630541871921183,
            "f1-score": 0.035842293906810034,
            "support": 203.0
        },
        "20": {
            "precision": 0.038781163434903045,
            "recall": 0.07291666666666667,
            "f1-score": 0.05063291139240506,
            "support": 192.0
        },
        "21": {
            "precision": 0.08727272727272728,
            "recall": 0.10909090909090909,
            "f1-score": 0.09696969696969697,
            "support": 220.0
        },
        "22": {
            "precision": 0.05381944444444445,
            "recall": 0.16230366492146597,
            "f1-score": 0.08083441981747067,
            "support": 191.0
        },
        "23": {
            "precision": 0.031088082901554404,
            "recall": 0.03,
            "f1-score": 0.030534351145038167,
            "support": 200.0
        },
        "24": {
            "precision": 0.12471655328798185,
            "recall": 0.2570093457943925,
            "f1-score": 0.16793893129770993,
            "support": 214.0
        },
        "25": {
            "precision": 0.12727272727272726,
            "recall": 0.0330188679245283,
            "f1-score": 0.052434456928838954,
            "support": 212.0
        },
        "26": {
            "precision": 0.04142011834319527,
            "recall": 0.035,
            "f1-score": 0.037940379403794036,
            "support": 200.0
        },
        "27": {
            "precision": 0.12195121951219512,
            "recall": 0.0546448087431694,
            "f1-score": 0.07547169811320754,
            "support": 183.0
        },
        "28": {
            "precision": 0.085,
            "recall": 0.08762886597938144,
            "f1-score": 0.08629441624365482,
            "support": 194.0
        },
        "29": {
            "precision": 0.05025125628140704,
            "recall": 0.045454545454545456,
            "f1-score": 0.0477326968973747,
            "support": 220.0
        },
        "30": {
            "precision": 0.04326923076923077,
            "recall": 0.04433497536945813,
            "f1-score": 0.043795620437956206,
            "support": 203.0
        },
        "31": {
            "precision": 0.02040816326530612,
            "recall": 0.017341040462427744,
            "f1-score": 0.01875,
            "support": 173.0
        },
        "32": {
            "precision": 0.18122977346278318,
            "recall": 0.2692307692307692,
            "f1-score": 0.21663442940038685,
            "support": 208.0
        },
        "33": {
            "precision": 0.2647058823529412,
            "recall": 0.25961538461538464,
            "f1-score": 0.2621359223300971,
            "support": 208.0
        },
        "34": {
            "precision": 0.027777777777777776,
            "recall": 0.004878048780487805,
            "f1-score": 0.008298755186721992,
            "support": 205.0
        },
        "35": {
            "precision": 0.05555555555555555,
            "recall": 0.004784688995215311,
            "f1-score": 0.00881057268722467,
            "support": 209.0
        },
        "36": {
            "precision": 0.0,
            "recall": 0.0,
            "f1-score": 0.0,
            "support": 207.0
        },
        "37": {
            "precision": 0.04497041420118343,
            "recall": 0.19487179487179487,
            "f1-score": 0.07307692307692308,
            "support": 195.0
        },
        "38": {
            "precision": 0.0273224043715847,
            "recall": 0.026737967914438502,
            "f1-score": 0.02702702702702703,
            "support": 187.0
        },
        "39": {
            "precision": 0.05791505791505792,
            "recall": 0.2112676056338028,
            "f1-score": 0.09090909090909091,
            "support": 213.0
        },
        "40": {
            "precision": 0.09782608695652174,
            "recall": 0.045,
            "f1-score": 0.06164383561643835,
            "support": 200.0
        },
        "41": {
            "precision": 0.09795918367346938,
            "recall": 0.1218274111675127,
            "f1-score": 0.1085972850678733,
            "support": 197.0
        },
        "42": {
            "precision": 0.05844155844155844,
            "recall": 0.046632124352331605,
            "f1-score": 0.05187319884726225,
            "support": 193.0
        },
        "43": {
            "precision": 0.0,
            "recall": 0.0,