{
    "accuracy": 0.17014851485148516,
    "classification_report": {
        "0": {
            "precision": 0.05714285714285714,
            "recall": 0.022857142857142857,
            "f1-score": 0.0326530612244898,
            "support": 175.0
        },
        "1": {
            "precision": 0.14204545454545456,
            "recall": 0.26881720430107525,
            "f1-score": 0.18587360594795538,
            "support": 186.0
        },
        "2": {
            "precision": 0.18055555555555555,
            "recall": 0.06046511627906977,
            "f1-score": 0.09059233449477352,
            "support": 215.0
        },
        "3": {
            "precision": 0.32195121951219513,
            "recall": 0.3173076923076923,
            "f1-score": 0.3196125907990315,
            "support": 208.0
        },
        "4": {
            "precision": 0.08333333333333333,
            "recall": 0.013824884792626729,
            "f1-score": 0.023715415019762844,
            "support": 217.0
        },
        "5": {
            "precision": 0.19473684210526315,
            "recall": 0.18226600985221675,
            "f1-score": 0.18829516539440203,
            "support": 203.0
        },
        "6": {
            "precision": 0.1372854914196568,
            "recall": 0.45595854922279794,
            "f1-score": 0.21103117505995203,
            "support": 193.0
        },
        "7": {
            "precision": 0.28888888888888886,
            "recall": 0.2751322751322751,
            "f1-score": 0.28184281842818426,
            "support": 189.0
        },
        "8": {
            "precision": 0.043137254901960784,
            "recall": 0.057291666666666664,
            "f1-score": 0.049217002237136466,
            "support": 192.0
        },
        "9": {
            "precision": 0.0,
            "recall": 0.0,
            "f1-score": 0.0,
            "support": 182.0
        },
        "10": {
            "precision": 0.11705685618729098,
            "recall": 0.1650943396226415,
            "f1-score": 0.136986301369863,
            "support": 212.0
        },
        "11": {
            "precision": 0.2971887550200803,
            "recall": 0.3523809523809524,
            "f1-score": 0.3224400871459695,
            "support": 210.0
        },
        "12": {
            "precision": 0.08172362555720654,
            "recall": 0.2696078431372549,
            "f1-score": 0.12542759407069556,
            "support": 204.0
        },
        "13": {
            "precision": 0.15803814713896458,
            "recall": 0.28431372549019607,
            "f1-score": 0.2031523642732049,
            "support": 204.0
        },
        "14": {
            "precision": 0.07077625570776255,
            "recall": 0.1781609195402299,
            "f1-score": 0.10130718954248366,
            "support": 174.0
        },
        "15": {
            "precision": 0.0,
            "recall": 0.0,
            "f1-score": 0.0,
            "support": 191.0
        },
        "16": {
            "precision": 0.08433734939759036,
            "recall": 0.07608695652173914,
            "f1-score": 0.08,
            "support": 184.0
        },
        "17": {
            "precision": 0.09090909090909091,
            "recall": 0.032432432432432434,
            "f1-score": 0.04780876494023904,
            "support": 185.0
        },
        "18": {
            "precision": 0.23529411764705882,
            "recall": 0.05454545454545454,
            "f1-score": 0.08856088560885608,
            "support": 220.0
        },
        "19": {
            "precision": 0.09574468085106383,
            "recall": 0.04285714285714286,
            "f1-score": 0.05921052631578947,
            "support": 210.0
        },
        "20": {
            "precision": 0.09770114942528736,
            "recall": 0.17435897435897435,
            "f1-score": 0.1252302025782689,
            "support": 195.0
        },
        "21": {
            "precision": 0.15550755939524838,
            "recall": 0.36180904522613067,
            "f1-score": 0.2175226586102719,
            "support": 199.0
        },
        "22": {
            "precision": 0.09427609427609428,
            "recall": 0.13725490196078433,
            "f1-score": 0.11177644710578842,
            "support": 204.0
        },
        "23": {
            "precision": 0.096,
            "recall": 0.057692307692307696,
            "f1-score": 0.07207207207207207,
            "support": 208.0
        },
        "24": {
            "precision": 0.25732899022801303,
            "recall": 0.42245989304812837,
            "f1-score": 0.31983805668016196,
            "support": 187.0
        },
        "25": {
            "precision": 0.1038961038961039,
            "recall": 0.041025641025641026,
            "f1-score": 0.058823529411764705,
            "support": 195.0
        },
        "26": {
            "precision": 0.25806451612903225,
            "recall": 0.042328042328042326,
            "f1-score": 0.07272727272727272,
            "support": 189.0
        },
        "27": {
            "precision": 0.18618618618618618,
            "recall": 0.3147208121827411,
            "f1-score": 0.2339622641509434,
            "support": 197.0
        },
        "28": {
            "precision": 0.20869565217391303,
            "recall": 0.22966507177033493,
            "f1-score": 0.21867881548974943,
            "support": 209.0
        },
        "29": {
            "precision": 0.13580246913580246,
            "recall": 0.11224489795918367,
            "f1-score": 0.12290502793296089,
            "support": 196.0
        },
        "30": {
            "precision": 0.10294117647058823,
            "recall": 0.0707070707070707,
            "f1-score": 0.08383233532934131,
            "support": 198.0
        },
        "31": {
            "precision": 0.08771929824561403,
            "recall": 0.08108108108108109,
            "f1-score": 0.08426966292134831,
            "support": 185.0
        },
        "32": {
            "precision": 0.2872340425531915,
            "recall": 0.42408376963350786,
            "f1-score": 0.34249471458773784,
            "support": 191.0
        },
        "33": {
            "precision": 0.4568345323741007,
            "recall": 0.635,
            "f1-score": 0.5313807531380753,
            "support": 200.0
        },
        "34": {
            "precision": 0.14652956298200515,
            "recall": 0.2651162790697674,
            "f1-score": 0.18874172185430463,
            "support": 215.0
        },
        "35": {
            "precision": 0.23684210526315788,
            "recall": 0.14210526315789473,
            "f1-score": 0.17763157894736842,
            "support": 190.0
        },
        "36": {
            "precision": 0.029850746268656716,
            "recall": 0.008620689655172414,
            "f1-score": 0.013377926421404682,
            "support": 232.0
        },
        "37": {
            "precision": 0.13636363636363635,
            "recall": 0.06282722513089005,
            "f1-score": 0.08602150537634409,
            "support": 191.0
        },
        "38": {
            "precision": 0.07648183556405354,
            "recall": 0.19704433497536947,
            "f1-score": 0.11019283746556474,
            "support": 203.0
        },
        "39": {
            "precision": 0.04956268221574344,
            "recall": 0.08947368421052632,
            "f1-score": 0.06378986866791744,
            "support": 190.0
        },
        "40": {
            "precision": 0.15810276679841898,
            "recall": 0.2127659574468085,
            "f1-score": 0.18140589569160998,
            "support": 188.0
        },
        "41": {
            "precision": 0.18696883852691218,
            "recall": 0.34375,
            "f1-score": 0.24220183486238533,
            "support": 192.0
        },
        "42": {
            "precision": 0.022727272727272728,
            "recall": 0.011695906432748537,